-- MySQL dump 10.13  Distrib 8.0.21, for Win64 (x86_64)
--
-- Host: localhost    Database: univdata
-- ------------------------------------------------------
-- Server version	8.0.21

/*!40101 SET @OLD_CHARACTER_SET_CLIENT=@@CHARACTER_SET_CLIENT */;
/*!40101 SET @OLD_CHARACTER_SET_RESULTS=@@CHARACTER_SET_RESULTS */;
/*!40101 SET @OLD_COLLATION_CONNECTION=@@COLLATION_CONNECTION */;
/*!50503 SET NAMES utf8 */;
/*!40103 SET @OLD_TIME_ZONE=@@TIME_ZONE */;
/*!40103 SET TIME_ZONE='+00:00' */;
/*!40014 SET @OLD_UNIQUE_CHECKS=@@UNIQUE_CHECKS, UNIQUE_CHECKS=0 */;
/*!40014 SET @OLD_FOREIGN_KEY_CHECKS=@@FOREIGN_KEY_CHECKS, FOREIGN_KEY_CHECKS=0 */;
/*!40101 SET @OLD_SQL_MODE=@@SQL_MODE, SQL_MODE='NO_AUTO_VALUE_ON_ZERO' */;
/*!40111 SET @OLD_SQL_NOTES=@@SQL_NOTES, SQL_NOTES=0 */;

--
-- Table structure for table `college`
--

DROP TABLE IF EXISTS `college`;
/*!40101 SET @saved_cs_client     = @@character_set_client */;
/*!50503 SET character_set_client = utf8mb4 */;
CREATE TABLE `college` (
  `college` varchar(255) NOT NULL,
  PRIMARY KEY (`college`)
) ENGINE=InnoDB DEFAULT CHARSET=utf8mb4 COLLATE=utf8mb4_0900_ai_ci;
/*!40101 SET character_set_client = @saved_cs_client */;

--
-- Dumping data for table `college`
--

LOCK TABLES `college` WRITE;
/*!40000 ALTER TABLE `college` DISABLE KEYS */;
INSERT INTO `college` VALUES ('COLLEGE OF ARTS AND SOCIAL SCIENCES'),('COLLEGE OF BUSINESS ADMINISTRATION & ACCOUNTANCY'),('COLLEGE OF COMPUTER STUDIES'),('COLLEGE OF EDUCATION'),('COLLEGE OF ENGINEERING AND TECHNOLOGY'),('COLLEGE OF NURSING'),('COLLEGE OF SCIENCE AND MATHEMATICS');
/*!40000 ALTER TABLE `college` ENABLE KEYS */;
UNLOCK TABLES;

--
-- Table structure for table `course`
--

DROP TABLE IF EXISTS `course`;
/*!40101 SET @saved_cs_client     = @@character_set_client */;
/*!50503 SET character_set_client = utf8mb4 */;
CREATE TABLE `course` (
  `course_id` varchar(255) NOT NULL,
  `dept_id` varchar(255) NOT NULL,
  PRIMARY KEY (`course_id`),
  KEY `course_ibfk_1` (`dept_id`)
) ENGINE=InnoDB DEFAULT CHARSET=utf8mb4 COLLATE=utf8mb4_0900_ai_ci;
/*!40101 SET character_set_client = @saved_cs_client */;

--
-- Dumping data for table `course`
--

LOCK TABLES `course` WRITE;
/*!40000 ALTER TABLE `course` DISABLE KEYS */;
INSERT INTO `course` VALUES ('BACHELOR OF SCIENCE IN ACCOUNTANCY','DEPARTMENT OF ACCOUNTANCY'),('BACHELOR OF SCIENCE IN BIOLOGY(BOTANY)','DEPARTMENT OF BIOLOGICAL SCIENCES'),('BACHELOR OF SCIENCE IN BIOLOGY(GENERAL)','DEPARTMENT OF BIOLOGICAL SCIENCES'),('BACHELOR OF SCIENCE IN BIOLOGY(MARINE BIOLOGY)','DEPARTMENT OF BIOLOGICAL SCIENCES'),('BACHELOR OF SCIENCE IN BIOLOGY(ZOOLOGY)','DEPARTMENT OF BIOLOGICAL SCIENCES'),('BACHELOR OF SCIENCE IN CHEMICAL ENGINEERING','DEPARTMENT OF CHEMICAL ENGINEERING AND TECHNOLOGY'),('BACHELOR OF SCIENCE IN CHEMISTRY','DEPARTMENT OF CHEMISTRY'),('BACHELOR OF SCIENCE IN CIVIL ENGINEERING','DEPARTMENT OF CIVIL ENGINEERING'),('BACHELOR OF SCIENCE IN COMPUTER APPLICATION','DEPARTMENT OF COMPUTER APPLICATION '),('BACHELOR OF SCIENCE IN COMPUTER SCIENCE	','DEPARTMENT OF COMPUTER SCIENCE'),('BACHELOR OF SCIENCE IN BUSSINESS ADMINISTRATION MAJOR IN BUSSINESS ECONOMICS','DEPARTMENT OF ECONOMICS'),('BACHELOR OF SCIENCE IN ECONOMINCS','DEPARTMENT OF ECONOMICS'),('BACHELOR OF SCIENCE IN COMPUTER ENGINEERING','DEPARTMENT OF ELECTRICAL AND ELECTRONICS ENGINEERING AND TECHNOLOGY'),('BACHELOR OF SCIENCE IN ELECTRICAL ENGINEERING','DEPARTMENT OF ELECTRICAL AND ELECTRONICS ENGINEERING AND TECHNOLOGY'),('BACHELOR OF SCIENCE IN ELECTRONICS AND COMMUNICATION ENGINEERING','DEPARTMENT OF ELECTRICAL AND ELECTRONICS ENGINEERING AND TECHNOLOGY'),('BACHELOR OF ARTS IN ENGLISH	','DEPARTMENT OF ENGLISH '),('BACHELOR OF ARTS IN FILIPINO & OTHER LANGUAGES','DEPARTMENT OF FILIPINO & OTHER LANGUAGES '),('BACHELOR OF ARTS IN HISTORY','DEPARTMENT OF HISTORY'),('BACHELOR OF SCIENCE IN HOSPITAL MANAGEMENT','DEPARTMENT OF HOSPITALITY & TOURISM MANAGEMENT'),('BACHELOR OF SCIENCE IN INFORMATION SYSTEM','DEPARTMENT OF INFORMATION TECHNOLOGY'),('BACHELOR OF SCIENCE IN INFORMATION TECHNOLOGY','DEPARTMENT OF INFORMATION TECHNOLOGY'),('BACHELOR OF SCIENCE IN BUSSINESS ADMINISTRATION MAJOR IN MARKETING MANAGEMENT','DEPARTMENT OF MARKETING'),('BACHELOR OF SCIENCE MAJOR IN ENTREPRENEURSHIP','DEPARTMENT OF MARKETING'),('BACHELOR OF SCIENCE IN CERAMIC ENGINEERING','DEPARTMENT OF MATERIALS AND RESOURCES ENGINEERING AND TECHNOLOGY'),('BACHELOR OF SCIENCE IN METALLURGICAL ENGINEERING','DEPARTMENT OF MATERIALS AND RESOURCES ENGINEERING AND TECHNOLOGY'),('BACHELOR OF SCIENCE IN MATHEMATICS','DEPARTMENT OF MATHEMATICS AND STATISTICS'),('BACHELOR OF SCIENCE IN STATISTICS','DEPARTMENT OF MATHEMATICS AND STATISTICS'),('BACHELOR OF SCIENCE IN MECHANICAL ENGINEERING','DEPARTMENT OF MECHANICAL ENGINEERING AND TECHOLOGY'),('BACHELOR OF SCIENCE IN NURSING','DEPARTMENT OF NURSING'),('BACHELOR OF PHYSICAL EDUCATION','DEPARTMENT OF PHYSICAL EDUCATION'),('BACHELOR OF SCIENCE IN PHYSICS','DEPARTMENT OF PHYSICS'),('BACHELOR OF ARTS IN POLITICAL SCIENCE','DEPARTMENT OF POLITICAL SCIENCE '),('BACHELOR OF ELEMENTARY EDUCATION LANGUAGE EDUCATION','DEPARTMENT OF PROFESSIONAL EDUCATION'),('BACHELOR OF SECONDARY EDUCATION FILIPINO','DEPARTMENT OF PROFESSIONAL EDUCATION'),('BACHELOR OF SCIENCE IN PSYCHOLOGY','DEPARTMENT OF PSYCHOLOGY'),('BACHELOR OF ELEMENTARY EDUCATION SCIENCE AND MATHEMATICS','DEPARTMENT OF SCIENCE AND MATHEMATICS EDUCATION'),('BACHELOR OF SECONDARY EDUCATION MATHEMATICS','DEPARTMENT OF SCIENCE AND MATHEMATICS EDUCATION'),('BACHELOR OF SECONDARY EDUCATION PHYSICS','DEPARTMENT OF SCIENCE AND MATHEMATICS EDUCATION'),('BACHELOR OF SECONDARY EDUCATION BIOLOGY','DEPARTMENT OF SCIENCE AND MATHEMATICS EDUCATION '),('BACHELOR OF SECONDARY EDUCATION CHEMISTRY','DEPARTMENT OF SCIENCE AND MATHEMATICS EDUCATION '),('BACHELOR OF ARTS IN SOCIOLOGY','DEPARTMENT OF SOCIOLOGY'),('BACHELOR OF TECHNOLOGY ANDD LIVELIHOOD EDUCATION MAJOR IN INDUSTRIAL ARTS','DEPARTMENT OF TECHNOLOGY TEACHER EDUCATION'),('BACHELOR OF TECHNOLOGY-VOCATIONAL TEACHER EDUCATION MAJOR IN DRAFTING TECHNOLOGY','DEPARTMENT OF TECHNOLOGY TEACHER EDUCATION'),('BACHELOR OF TECHNOLOGY AND LIVELIHOOD EDUCATION MAJOR IN HOME ECONOMICS','DEPARTMENT OF TECHNOLOGY TEACHER EDUCATION ');
/*!40000 ALTER TABLE `course` ENABLE KEYS */;
UNLOCK TABLES;

--
-- Table structure for table `department`
--

DROP TABLE IF EXISTS `department`;
/*!40101 SET @saved_cs_client     = @@character_set_client */;
/*!50503 SET character_set_client = utf8mb4 */;
CREATE TABLE `department` (
  `dept_id` varchar(255) NOT NULL,
  `college_id` varchar(255) NOT NULL,
  PRIMARY KEY (`dept_id`),
  KEY `college_id` (`college_id`)
) ENGINE=InnoDB DEFAULT CHARSET=utf8mb4 COLLATE=utf8mb4_0900_ai_ci;
/*!40101 SET character_set_client = @saved_cs_client */;

--
-- Dumping data for table `department`
--

LOCK TABLES `department` WRITE;
/*!40000 ALTER TABLE `department` DISABLE KEYS */;
INSERT INTO `department` VALUES ('DEPARTMENT OF ENGLISH','COLLEGE OF ARTS AND SOCIAL SCIENCES'),('DEPARTMENT OF FILIPINO & OTHER LANGUAGES','COLLEGE OF ARTS AND SOCIAL SCIENCES'),('DEPARTMENT OF HISTORY','COLLEGE OF ARTS AND SOCIAL SCIENCES'),('DEPARTMENT OF POLITICAL SCIENCE','COLLEGE OF ARTS AND SOCIAL SCIENCES'),('DEPARTMENT OF PSYCHOLOGY','COLLEGE OF ARTS AND SOCIAL SCIENCES'),('DEPARTMENT OF SOCIOLOGY','COLLEGE OF ARTS AND SOCIAL SCIENCES'),('DEPARTMENT OF ACCOUNTANCY','COLLEGE OF BUSINESS ADMINISTRATION & ACCOUNTANCY'),('DEPARTMENT OF ECONOMICS','COLLEGE OF BUSINESS ADMINISTRATION & ACCOUNTANCY'),('DEPARTMENT OF HOSPITALITY & TOURISM MANAGEMENT','COLLEGE OF BUSINESS ADMINISTRATION & ACCOUNTANCY'),('DEPARTMENT OF MARKETING','COLLEGE OF BUSINESS ADMINISTRATION & ACCOUNTANCY'),('DEPARTMENT OF COMPUTER APPLICATION','COLLEGE OF COMPUTER STUDIES'),('DEPARTMENT OF COMPUTER SCIENCE','COLLEGE OF COMPUTER STUDIES'),('DEPARTMENT OF INFORMATION TECHNOLOGY','COLLEGE OF COMPUTER STUDIES'),('DEPARTMENT OF PHYSICAL EDUCATION','COLLEGE OF EDUCATION'),('DEPARTMENT OF PROFESSIONAL EDUCATION','COLLEGE OF EDUCATION'),('DEPARTMENT OF SCIENCE AND MATHEMATICS EDUCATION','COLLEGE OF EDUCATION'),('DEPARTMENT OF TECHNOLOGY TEACHER EDUCATION','COLLEGE OF EDUCATION'),('DEPARTMENT OF CHEMICAL ENGINEERING AND TECHNOLOGY','COLLEGE OF ENGINEERING AND TECHNOLOGY'),('DEPARTMENT OF CIVIL ENGINEERING','COLLEGE OF ENGINEERING AND TECHNOLOGY'),('DEPARTMENT OF ELECTRICAL AND ELECTRONICS ENGINEERING AND TECHNOLOGY','COLLEGE OF ENGINEERING AND TECHNOLOGY'),('DEPARTMENT OF MATERIALS AND RESOURCES ENGINEERING AND TECHNOLOGY','COLLEGE OF ENGINEERING AND TECHNOLOGY'),('DEPARTMENT OF MECHANICAL ENGINEERING AND TECHOLOGY','COLLEGE OF ENGINEERING AND TECHNOLOGY'),('DEPARTMENT OF NURSING','COLLEGE OF NURSING'),('DEPARTMENT OF BIOLOGICAL SCIENCES','COLLEGE OF SCIENCE AND MATHEMATICS'),('DEPARTMENT OF CHEMISTRY','COLLEGE OF SCIENCE AND MATHEMATICS'),('DEPARTMENT OF MATHEMATICS AND STATISTICS','COLLEGE OF SCIENCE AND MATHEMATICS'),('DEPARTMENT OF PHYSICS','COLLEGE OF SCIENCE AND MATHEMATICS');
/*!40000 ALTER TABLE `department` ENABLE KEYS */;
UNLOCK TABLES;

--
-- Table structure for table `page`
--

DROP TABLE IF EXISTS `page`;
/*!40101 SET @saved_cs_client     = @@character_set_client */;
/*!50503 SET character_set_client = utf8mb4 */;
CREATE TABLE `page` (
  `id` int NOT NULL AUTO_INCREMENT,
  `course` varchar(255) NOT NULL,
  `department` varchar(255) NOT NULL,
  `college` varchar(255) NOT NULL,
  PRIMARY KEY (`id`)
) ENGINE=InnoDB AUTO_INCREMENT=46 DEFAULT CHARSET=utf8mb4 COLLATE=utf8mb4_0900_ai_ci;
/*!40101 SET character_set_client = @saved_cs_client */;

--
-- Dumping data for table `page`
--

LOCK TABLES `page` WRITE;
/*!40000 ALTER TABLE `page` DISABLE KEYS */;
INSERT INTO `page` VALUES (1,'BACHELOR OF SCIENCE IN CERAMIC ENGINEERING','DEPARTMENT OF MATERIALS AND RESOURCES ENGINEERING AND TECHNOLOGY','(COET)COLLEGE OF ENGINEERING AND TECHNOLOGY'),(2,'BACHELOR OF SCIENCE IN METALLURGICAL ENGINEERING','DEPARTMENT OF MATERIALS AND RESOURCES ENGINEERING AND TECHNOLOGY','(COET)COLLEGE OF ENGINEERING AND TECHNOLOGY'),(3,'BACHELOR OF SCIENCE IN CHEMICAL ENGINEERING','DEPARTMENT OF CHEMICAL ENGINEERING AND TECHNOLOGY','(COET)COLLEGE OF ENGINEERING AND TECHNOLOGY'),(4,'BACHELOR OF SCIENCE IN CIVIL ENGINEERING','DEPARTMENT OF CIVIL ENGINEERING','(COET)COLLEGE OF ENGINEERING AND TECHNOLOGY'),(5,'BACHELOR OF SCIENCE IN MECHANICAL ENGINEERING','DEPARTMENT OF MECHANICAL ENGINEERING AND TECHOLOGY','(COET)COLLEGE OF ENGINEERING AND TECHNOLOGY'),(6,'BACHELOR OF SCIENCE IN ELECTRONICS AND COMMUNICATION ENGINEERING','DEPARTMENT OF ELECTRICAL AND ELECTRONICS ENGINEERING AND TECHNOLOGY','(COET)COLLEGE OF ENGINEERING AND TECHNOLOGY'),(7,'BACHELOR OF SCIENCE IN COMPUTER ENGINEERING','DEPARTMENT OF ELECTRICAL AND ELECTRONICS ENGINEERING AND TECHNOLOGY','(COET)COLLEGE OF ENGINEERING AND TECHNOLOGY'),(8,'BACHELOR OF SCIENCE IN ELECTRICAL ENGINEERING','DEPARTMENT OF ELECTRICAL AND ELECTRONICS ENGINEERING AND TECHNOLOGY','(COET)COLLEGE OF ENGINEERING AND TECHNOLOGY'),(9,'BACHELOR OF SCIENCE IN BIOLOGY(GENERAL)									','DEPARTMENT OF BIOLOGICAL SCIENCES','(CSM)COLLEGE OF SCIENCE AND MATHEMATICS'),(10,'BACHELOR OF SCIENCE IN BIOLOGY(BOTANY)','DEPARTMENT OF BIOLOGICAL SCIENCES','(CSM)COLLEGE OF SCIENCE AND MATHEMATICS'),(11,'BACHELOR OF SCIENCE IN BIOLOGY(MARINE BIOLOGY)','DEPARTMENT OF BIOLOGICAL SCIENCES','(CSM)COLLEGE OF SCIENCE AND MATHEMATICS'),(12,'BACHELOR OF SCIENCE IN BIOLOGY(ZOOLOGY)','DEPARTMENT OF BIOLOGICAL SCIENCES','(CSM)COLLEGE OF SCIENCE AND MATHEMATICS'),(13,'BACHELOR OF SCIENCE IN CHEMISTRY','DEPARTMENT OF CHEMISTRY','(CSM)COLLEGE OF SCIENCE AND MATHEMATICS'),(14,'BACHELOR OF SCIENCE IN MATHEMATICS','DEPARTMENT OF MATHEMATICS AND STATISTICS','(CSM)COLLEGE OF SCIENCE AND MATHEMATICS'),(15,'BACHELOR OF SCIENCE IN STATISTICS','DEPARTMENT OF MATHEMATICS AND STATISTICS','(CSM)COLLEGE OF SCIENCE AND MATHEMATICS'),(16,'BACHELOR OF SCIENCE IN PHYSICS','DEPARTMENT OF PHYSICS','(CSM)COLLEGE OF SCIENCE AND MATHEMATICS'),(17,'BACHELOR OF SCIENCE IN COMPUTER SCIENCE','DEPARTMENT OF COMPUTER SCIENCE','(CCS)COLLEGE OF COMPUTER STUDIES'),(18,'BACHELOR OF SCIENCE IN INFORMATION TECHNOLOGY','DEPARTMENT OF INFORMATION TECHNOLOGY','(CCS)COLLEGE OF COMPUTER STUDIES'),(19,'BACHELOR OF SCIENCE IN INFORMATION SYSTEM','DEPARTMENT OF INFORMATION TECHNOLOGY','(CCS)COLLEGE OF COMPUTER STUDIES'),(20,'BACHELOR OF SCIENCE IN COMPUTER APPLICATION','DEPARTMENT OF COMPUTER APPLICATION','(CCS)COLLEGE OF COMPUTER STUDIES'),(21,'BACHELOR OF ELEMENTARY EDUCATION SCIENCE AND MATHEMATICS','DEPARTMENT OF SCIENCE AND MATHEMATICS EDUCATION','(CED)COLLEGE OF EDUCATION'),(22,'BACHELOR OF SECONDARY EDUCATION BIOLOGY','DEPARTMENT OF SCIENCE AND MATHEMATICS EDUCATION','(CED)COLLEGE OF EDUCATION'),(23,'BACHELOR OF SECONDARY EDUCATION CHEMISTRY','DEPARTMENT OF SCIENCE AND MATHEMATICS EDUCATION','(CED)COLLEGE OF EDUCATION'),(24,'BACHELOR OF SECONDARY EDUCATION PHYSICS','DEPARTMENT OF SCIENCE AND MATHEMATICS EDUCATION','(CED)COLLEGE OF EDUCATION'),(25,'BACHELOR OF SECONDARY EDUCATION MATHEMATICS','DEPARTMENT OF SCIENCE AND MATHEMATICS EDUCATION','(CED)COLLEGE OF EDUCATION'),(26,'BACHELOR OF ELEMENTARY EDUCATION LANGUAGE EDUCATION','DEPARTMENT OF PROFESSIONAL EDUCATION','(CED)COLLEGE OF EDUCATION'),(27,'BACHELOR OF SECONDARY EDUCATION FILIPINO','DEPARTMENT OF PROFESSIONAL EDUCATION','(CED)COLLEGE OF EDUCATION'),(28,'BACHELOR OF PHYSICAL EDUCATION','DEPARTMENT OF PHYSICAL EDUCATION ','(CED)COLLEGE OF EDUCATION'),(29,'BACHELOR OF TECHNOLOGY AND LIVELIHOOD EDUCATION MAJOR IN HOME ECONOMICS','DEPARTMENT OF TECHNOLOGY TEACHER EDUCATION','(CED)COLLEGE OF EDUCATION'),(30,'BACHELOR OF TECHNOLOGY-VOCATIONAL TEACHER EDUCATION MAJOR IN DRAFTING TECHNOLOGY','DEPARTMENT OF TECHNOLOGY TEACHER EDUCATION','(CED)COLLEGE OF EDUCATION'),(31,'BACHELOR OF TECHNOLOGY ANDD LIVELIHOOD EDUCATION MAJOR IN INDUSTRIAL ARTS','DEPARTMENT OF TECHNOLOGY TEACHER EDUCATION','(CED)COLLEGE OF EDUCATION'),(33,'BACHELOR OF SCIENCE IN PSYCHOLOGY','DEPARTMENT OF PSYCHOLOGY','(CASS)COLLEGE OF ARTS AND SOCIAL SCIENCES'),(34,'BACHELOR OF ARTS IN ENGLISH','DEPARTMENT OF ENGLISH','(CASS)COLLEGE OF ARTS AND SOCIAL SCIENCES'),(35,'BACHELOR OF ARTS IN FILIPINO & OTHER LANGUAGES','DEPARTMENT OF FILIPINO & OTHER LANGUAGES','(CASS)COLLEGE OF ARTS AND SOCIAL SCIENCES'),(36,'BACHELOR OF ARTS IN HISTORY','DEPARTMENT OF HISTORY','(CASS)COLLEGE OF ARTS AND SOCIAL SCIENCES'),(37,'BACHELOR OF ARTS IN POLITICAL SCIENCE','DEPARTMENT OF POLITICAL SCIENCE ','(CASS)COLLEGE OF ARTS AND SOCIAL SCIENCES'),(38,'BACHELOR OF ARTS IN SOCIOLOGY ','DEPARTMENT OF SOCIOLOGY','(CASS)COLLEGE OF ARTS AND SOCIAL SCIENCES'),(39,'BACHELOR OF SCIENCE IN ACCOUNTANCY','DEPARTMENT OF ACCOUNTANCY','(CBAA)COLLEGE OF BUSINESS ADMINISTRATION & ACCOUNTANCY'),(40,'BACHELOR OF SCIENCE IN ECONOMINCS','DEPARTMENT OF ECONOMICS','(CBAA)COLLEGE OF BUSINESS ADMINISTRATION & ACCOUNTANCY'),(41,'BACHELOR OF SCIENCE IN BUSSINESS ADMINISTRATION MAJOR IN BUSSINESS ECONOMICS','DEPARTMENT OF ECONOMICS','(CBAA)COLLEGE OF BUSINESS ADMINISTRATION & ACCOUNTANCY'),(42,'BACHELOR OF SCIENCE IN BUSSINESS ADMINISTRATION MAJOR IN MARKETING MANAGEMENT','DEPARTMENT OF MARKETING','(CBAA)COLLEGE OF BUSINESS ADMINISTRATION & ACCOUNTANCY'),(43,'BACHELOR OF SCIENCE MAJOR IN ENTREPRENEURSHIP','DEPARTMENT OF MARKETING','(CBAA)COLLEGE OF BUSINESS ADMINISTRATION & ACCOUNTANCY'),(44,'BACHELOR OF SCIENCE IN HOSPITAL MANAGEMENT	','DEPARTMENT OF HOSPITALITY & TOURISM MANAGEMENT','(CBAA)COLLEGE OF BUSINESS ADMINISTRATION & ACCOUNTANCY'),(45,'BACHELOR OF SCIENCE IN NURSING','DEPARTMENT OF NURSING','(CON)COLLEGE OF NURSING');
/*!40000 ALTER TABLE `page` ENABLE KEYS */;
UNLOCK TABLES;

--
-- Table structure for table `students`
--

DROP TABLE IF EXISTS `students`;
/*!40101 SET @saved_cs_client     = @@character_set_client */;
/*!50503 SET character_set_client = utf8mb4 */;
CREATE TABLE `students` (
  `id_data` int NOT NULL AUTO_INCREMENT,
  `first_name` varchar(255) NOT NULL,
  `last_name` varchar(255) NOT NULL,
  `idno` varchar(20) NOT NULL,
  `yrlvl` varchar(10) NOT NULL,
  `gender` varchar(20) NOT NULL,
  `college` varchar(255) NOT NULL,
  `dept` varchar(255) NOT NULL,
  `course` varchar(255) NOT NULL,
  PRIMARY KEY (`id_data`)
) ENGINE=InnoDB AUTO_INCREMENT=41 DEFAULT CHARSET=utf8mb4 COLLATE=utf8mb4_0900_ai_ci;
/*!40101 SET character_set_client = @saved_cs_client */;

--
-- Dumping data for table `students`
--

LOCK TABLES `students` WRITE;
/*!40000 ALTER TABLE `students` DISABLE KEYS */;
INSERT INTO `students` VALUES (29,'Ken','Kaneki','0000-0000','4','Male','COLLEGE OF COMPUTER STUDIES','DEPARTMENT OF INFORMATION TECHNOLOGY','BACHELOR OF SCIENCE IN INFORMATION SYSTEM'),(30,'Gawr','Gura','0000-0001','3','Female','COLLEGE OF BUSINESS ADMINISTRATION & ACCOUNTANCY','DEPARTMENT OF HOSPITALITY & TOURISM MANAGEMENT','BACHELOR OF SCIENCE IN HOSPITAL MANAGEMENT'),(31,'Amelia','Watson','0000-0002','1','Female','COLLEGE OF ENGINEERING AND TECHNOLOGY','DEPARTMENT OF ELECTRICAL AND ELECTRONICS ENGINEERING AND TECHNOLOGY','BACHELOR OF SCIENCE IN COMPUTER ENGINEERING'),(32,'Ninomae','Inanis','0000-0003','2','Female','COLLEGE OF SCIENCE AND MATHEMATICS','DEPARTMENT OF BIOLOGICAL SCIENCES','BACHELOR OF SCIENCE IN BIOLOGY(ZOOLOGY)'),(37,'asdasdasd','adasd','1234-1234','4','Male','COLLEGE OF NURSING','DEPARTMENT OF TECHNOLOGY TEACHER EDUCATION','BACHELOR OF SCIENCE IN INFORMATION TECHNOLOGY'),(40,'asdasdasd','adasd','1234-1234','4','Male','COLLEGE OF COMPUTER STUDIES','DEPARTMENT OF TECHNOLOGY TEACHER EDUCATION','BACHELOR OF ARTS IN HISTORY');
/*!40000 ALTER TABLE `students` ENABLE KEYS */;
UNLOCK TABLES;
/*!40103 SET TIME_ZONE=@OLD_TIME_ZONE */;

/*!40101 SET SQL_MODE=@OLD_SQL_MODE */;
/*!40014 SET FOREIGN_KEY_CHECKS=@OLD_FOREIGN_KEY_CHECKS */;
/*!40014 SET UNIQUE_CHECKS=@OLD_UNIQUE_CHECKS */;
/*!40101 SET CHARACTER_SET_CLIENT=@OLD_CHARACTER_SET_CLIENT */;
/*!40101 SET CHARACTER_SET_RESULTS=@OLD_CHARACTER_SET_RESULTS */;
/*!40101 SET COLLATION_CONNECTION=@OLD_COLLATION_CONNECTION */;
/*!40111 SET SQL_NOTES=@OLD_SQL_NOTES */;

-- Dump completed on 2020-11-11 23:23:47
